graph_id,src,dst
8484,0,4000
8485,1,4001
8486,2,4002
8487,3,4003
8488,4,4004
8489,5,4005
8490,6,4006
8491,7,4007
8492,8,4008
8493,9,4009
8494,10,4010
8495,11,4011
8496,12,4012
8497,13,4013
8498,14,4014
8499,15,4015
8500,16,4016
8501,17,4017
8502,18,4018
8503,19,4019
8504,20,4020
8505,21,4021
8506,22,4022
8507,23,4023
8508,24,4024
8509,25,4025
8510,26,4026
8511,27,4027
8512,28,4028
8513,29,4029
8514,30,4030
8515,31,4031
8516,32,4032
8517,33,4033
8518,34,4034
8519,35,4035
8520,36,4036
8521,37,4037
8522,38,4038
8523,39,4039
8524,40,4040
8525,41,4041
8526,42,4042
8527,43,4043
8528,44,4044
8529,45,4045
8530,46,4046
8531,47,4047
8532,48,4048
8533,49,4049
8534,50,4050
8535,51,4051
8536,52,4052
8537,53,4053
8538,54,4054
8539,55,4055
8540,56,4056
8541,57,4057
8542,58,4058
8543,59,4059
8544,60,4060
8545,61,4061
8546,62,4062
8547,63,4063
8548,64,4064
8549,65,4065
8550,66,4066
8551,67,4067
8552,68,4068
8553,69,4069
8554,70,4070
8555,71,4071
8556,72,4072
8557,73,4073
8558,74,4074
8559,75,4075
8560,76,4076
8561,77,4077
8562,78,4078
8563,79,4079
8564,80,4080
8565,81,4081
8566,82,4082
8567,83,4083
8568,84,4084
8569,85,4085
8570,86,4086
8571,87,4087
8572,88,4088
8573,89,4089
8574,90,4090
8575,91,4091
8576,92,4092
8577,93,4093
8578,94,4094
8579,95,4095
8580,96,4096
8581,97,4097
8582,98,4098
8583,99,4099
8584,100,4100
8585,101,4101
8586,102,4102
8587,103,4103
8588,104,4104
8589,105,4105
8590,106,4106
8591,107,4107
8592,108,4108
8593,109,4109
8594,110,4110
8595,111,4111
8596,112,4112
8597,113,4113
8598,114,4114
8599,115,4115
8600,116,4116
8601,117,4117
8602,118,4118
8603,119,4119
8604,120,4120
8605,121,4121
8606,122,4122
8607,123,4123
8608,124,4124
8609,125,4125
8610,126,4126
8611,127,4127
8612,128,4128
8613,129,4129
8614,130,4130
8615,131,4131
8616,132,4132
8617,133,4133
8618,134,4134
8619,135,4135
8620,136,4136
8621,137,4137
8622,138,4138
8623,139,4139
8624,140,4140
8625,141,4141
8626,142,4142
8627,143,4143
8628,144,4144
8629,145,4145
8630,146,4146
8631,147,4147
8632,148,4148
8633,149,4149
8634,150,4150
8635,151,4151
8636,152,4152
8637,153,4153
8638,154,4154
8639,155,4155
8640,156,4156
8641,157,4157
8642,158,4158
8643,159,4159
8644,160,4160
8645,161,4161
8646,162,4162
8647,163,4163
8648,164,4164
8649,165,4165
8650,166,4166
8651,167,4167
8652,168,4168
8653,169,4169
8654,170,4170
8655,171,4171
8656,172,4172
8657,173,4173
8658,174,4174
8659,175,4175
8660,176,4176
8661,177,4177
8662,178,4178
8663,179,4179
8664,180,4180
8665,181,4181
8666,182,4182
8667,183,4183
8668,184,4184
8669,185,4185
8670,186,4186
8671,187,4187
8672,188,4188
8673,189,4189
8674,190,4190
8675,191,4191
8676,192,4192
8677,193,4193
8678,194,4194
8679,195,4195
8680,196,4196
8681,197,4197
8682,198,4198
8683,199,4199
8684,200,4200
8685,201,4201
8686,202,4202
8687,203,4203
8688,204,4204
8689,205,4205
8690,206,4206
8691,207,4207
8692,208,4208
8693,209,4209
8694,210,4210
8695,211,4211
8696,212,4212
8697,213,4213
8698,214,4214
8699,215,4215
8700,216,4216
8701,217,4217
8702,218,4218
8703,219,4219
8704,220,4220
8705,221,4221
8706,222,4222
8707,223,4223
8708,224,4224
8709,225,4225
8710,226,4226
8711,227,4227
8712,228,4228
8713,229,4229
8714,230,4230
8715,231,4231
8716,232,4232
8717,233,4233
8718,234,4234
8719,235,4235
8720,236,4236
8721,237,4237
8722,238,4238
8723,239,4239
8724,240,4240
8725,241,4241
8726,242,4242
8727,243,4243
8728,244,4244
8729,245,4245
8730,246,4246
8731,247,4247
8732,248,4248
8733,249,4249
8734,250,4250
8735,251,4251
8736,252,4252
8737,253,4253
8738,254,4254
8739,255,4255
8740,256,4256
8741,257,4257
8742,258,4258
8743,259,4259
8744,260,4260
8745,261,4261
8746,262,4262
8747,263,4263
8748,264,4264
8749,265,4265
8750,266,4266
8751,267,4267
8752,268,4268
8753,269,4269
8754,270,4270
8755,271,4271
8756,272,4272
8757,273,4273
8758,274,4274
8759,275,4275
8760,276,4276
8761,277,4277
8762,278,4278
8763,279,4279
8764,280,4280
8765,281,4281
8766,282,4282
8767,283,4283
8768,284,4284
8769,285,4285
8770,286,4286
8771,287,4287
8772,288,4288
8773,289,4289
8774,290,4290
8775,291,4291
8776,292,4292
8777,293,4293
8778,294,4294
8779,295,4295
8780,296,4296
8781,297,4297
8782,298,4298
8783,299,4299
8784,300,4300
8785,301,4301
8786,302,4302
8787,303,4303
8788,304,4304
8789,305,4305
8790,306,4306
8791,307,4307
8792,308,4308
8793,309,4309
8794,310,4310
8795,311,4311
8796,312,4312
8797,313,4313
8798,314,4314
8799,315,4315
8800,316,4316
8801,317,4317
8802,318,4318
8803,319,4319
8804,320,4320
8805,321,4321
8806,322,4322
8807,323,4323
8808,324,4324
8809,325,4325
8810,326,4326
8811,327,4327
8812,328,4328
8813,329,4329
8814,330,4330
8815,331,4331
8816,332,4332
8817,333,4333
8818,334,4334
8819,335,4335
8820,336,4336
8821,337,4337
8822,338,4338
8823,339,4339
8824,340,4340
8825,341,4341
8826,342,4342
8827,343,4343
8828,344,4344
8829,345,4345
8830,346,4346
8831,347,4347
8832,348,4348
8833,349,4349
8834,350,4350
8835,351,4351
8836,352,4352
8837,353,4353
8838,354,4354
8839,355,4355
8840,356,4356
8841,357,4357
8842,358,4358
8843,359,4359
8844,360,4360
8845,361,4361
8846,362,4362
8847,363,4363
8848,364,4364
8849,365,4365
8850,366,4366
8851,367,4367
8852,368,4368
8853,369,4369
8854,370,4370
8855,371,4371
8856,372,4372
8857,373,4373
8858,374,4374
8859,375,4375
8860,376,4376
8861,377,4377
8862,378,4378
8863,379,4379
8864,380,4380
8865,381,4381
8866,382,4382
8867,383,4383
8868,384,4384
8869,385,4385
8870,386,4386
8871,387,4387
8872,388,4388
8873,389,4389
8874,390,4390
8875,391,4391
8876,392,4392
8877,393,4393
8878,394,4394
8879,395,4395
8880,396,4396
8881,397,4397
8882,398,4398
8883,399,4399
8884,400,4400
8885,401,4401
8886,402,4402
8887,403,4403
8888,404,4404
8889,405,4405
8890,406,4406
8891,407,4407
8892,408,4408
8893,409,4409
8894,410,4410
8895,411,4411
8896,412,4412
8897,413,4413
8898,414,4414
8899,415,4415
8900,416,4416
8901,417,4417
8902,418,4418
8903,419,4419
8904,420,4420
8905,421,4421
8906,422,4422
8907,423,4423
8908,424,4424
8909,425,4425
8910,426,4426
8911,427,4427
8912,428,4428
8913,429,4429
8914,430,4430
8915,431,4431
8916,432,4432
8917,433,4433
8918,434,4434
8919,435,4435
8920,436,4436
8921,437,4437
8922,438,4438
8923,439,4439
8924,440,4440
8925,441,4441
8926,442,4442
8927,443,4443
8928,444,4444
8929,445,4445
8930,446,4446
8931,447,4447
8932,448,4448
8933,449,4449
8934,450,4450
8935,451,4451
8936,452,4452
8937,453,4453
8938,454,4454
8939,455,4455
8940,456,4456
8941,457,4457
8942,458,4458
8943,459,4459
8944,460,4460
8945,461,4461
8946,462,4462
8947,463,4463
8948,464,4464
8949,465,4465
8950,466,4466
8951,467,4467
8952,468,4468
8953,469,4469
8954,470,4470
8955,471,4471
8956,472,4472
8957,473,4473
8958,474,4474
8959,475,4475
8960,476,4476
8961,477,4477
8962,478,4478
8963,479,4479
8964,480,4480
8965,481,4481
8966,482,4482
8967,483,4483
8968,484,4484
8969,485,4485
8970,486,4486
8971,487,4487
8972,488,4488
8973,489,4489
8974,490,4490
8975,491,4491
8976,492,4492
8977,493,4493
8978,494,4494
8979,495,4495
8980,496,4496
8981,497,4497
8982,498,4498
8983,499,4499
8984,500,4500
8985,501,4501
8986,502,4502
8987,503,4503
8988,504,4504
8989,505,4505
8990,506,4506
8991,507,4507
8992,508,4508
8993,509,4509
8994,510,4510
8995,511,4511
8996,512,4512
8997,513,4513
8998,514,4514
8999,515,4515
9000,516,4516
9001,517,4517
9002,518,4518
9003,519,4519
9004,520,4520
9005,521,4521
9006,522,4522
9007,523,4523
9008,524,4524
9009,525,4525
9010,526,4526
9011,527,4527
9012,528,4528
9013,529,4529
9014,530,4530
9015,531,4531
9016,532,4532
9017,533,4533
9018,534,4534
9019,535,4535
9020,536,4536
9021,537,4537
9022,538,4538
9023,539,4539
9024,540,4540
9025,541,4541
9026,542,4542
9027,543,4543
9028,544,4544
9029,545,4545
9030,546,4546
9031,547,4547
9032,548,4548
9033,549,4549
9034,550,4550
9035,551,4551
9036,552,4552
9037,553,4553
9038,554,4554
9039,555,4555
9040,556,4556
9041,557,4557
9042,558,4558
9043,559,4559
9044,560,4560
9045,561,4561
9046,562,4562
9047,563,4563
9048,564,4564
9049,565,4565
9050,566,4566
9051,567,4567
9052,568,4568
9053,569,4569
9054,570,4570
9055,571,4571
9056,572,4572
9057,573,4573
9058,574,4574
9059,575,4575
9060,576,4576
9061,577,4577
9062,578,4578
9063,579,4579
9064,580,4580
9065,581,4581
9066,582,4582
9067,583,4583
9068,584,4584
9069,585,4585
9070,586,4586
9071,587,4587
9072,588,4588
9073,589,4589
9074,590,4590
9075,591,4591
9076,592,4592
9077,593,4593
9078,594,4594
9079,595,4595
9080,596,4596
9081,597,4597
9082,598,4598
9083,599,4599
9084,600,4600
9085,601,4601
9086,602,4602
9087,603,4603
9088,604,4604
9089,605,4605
9090,606,4606
9091,607,4607
9092,608,4608
9093,609,4609
9094,610,4610
9095,611,4611
9096,612,4612
9097,613,4613
9098,614,4614
9099,615,4615
9100,616,4616
9101,617,4617
9102,618,4618
9103,619,4619
9104,620,4620
9105,621,4621
9106,622,4622
9107,623,4623
9108,624,4624
9109,625,4625
9110,626,4626
9111,627,4627
9112,628,4628
9113,629,4629
9114,630,4630
9115,631,4631
9116,632,4632
9117,633,4633
9118,634,4634
9119,635,4635
9120,636,4636
9121,637,4637
9122,638,4638
9123,639,4639
9124,640,4640
9125,641,4641
9126,642,4642
9127,643,4643
9128,644,4644
9129,645,4645
9130,646,4646
9131,647,4647
9132,648,4648
9133,649,4649
9134,650,4650
9135,651,4651
9136,652,4652
9137,653,4653
9138,654,4654
9139,655,4655
9140,656,4656
9141,657,4657
9142,658,4658
9143,659,4659
9144,660,4660
9145,661,4661
9146,662,4662
9147,663,4663
9148,664,4664
9149,665,4665
9150,666,4666
9151,667,4667
9152,668,4668
9153,669,4669
9154,670,4670
9155,671,4671
9156,672,4672
9157,673,4673
9158,674,4674
9159,675,4675
9160,676,4676
9161,677,4677
9162,678,4678
9163,679,4679
9164,680,4680
9165,681,4681
9166,682,4682
9167,683,4683
9168,684,4684
9169,685,4685
9170,686,4686
9171,687,4687
9172,688,4688
9173,689,4689
9174,690,4690
9175,691,4691
9176,692,4692
9177,693,4693
9178,694,4694
9179,695,4695
9180,696,4696
9181,697,4697
9182,698,4698
9183,699,4699
9184,700,4700
9185,701,4701
9186,702,4702
9187,703,4703
9188,704,4704
9189,705,4705
9190,706,4706
9191,707,4707
9192,708,4708
9193,709,4709
9194,710,4710
9195,711,4711
9196,712,4712
9197,713,4713
9198,714,4714
9199,715,4715
9200,716,4716
9201,717,4717
9202,718,4718
9203,719,4719
9204,720,4720
9205,721,4721
9206,722,4722
9207,723,4723
9208,724,4724
9209,725,4725
9210,726,4726
9211,727,4727
9212,728,4728
9213,729,4729
9214,730,4730
9215,731,4731
9216,732,4732
9217,733,4733
9218,734,4734
9219,735,4735
9220,736,4736
9221,737,4737
9222,738,4738
9223,739,4739
9224,740,4740
9225,741,4741
9226,742,4742
9227,743,4743
9228,744,4744
9229,745,4745
9230,746,4746
9231,747,4747
9232,748,4748
9233,749,4749
9234,750,4750
9235,751,4751
9236,752,4752
9237,753,4753
9238,754,4754
9239,755,4755
9240,756,4756
9241,757,4757
9242,758,4758
9243,759,4759
9244,760,4760
9245,761,4761
9246,762,4762
9247,763,4763
9248,764,4764
9249,765,4765
9250,766,4766
9251,767,4767
9252,768,4768
9253,769,4769
9254,770,4770
9255,771,4771
9256,772,4772
9257,773,4773
9258,774,4774
9259,775,4775
9260,776,4776
9261,777,4777
9262,778,4778
9263,779,4779
9264,780,4780
9265,781,4781
9266,782,4782
9267,783,4783
9268,784,4784
9269,785,4785
9270,786,4786
9271,787,4787
9272,788,4788
9273,789,4789
9274,790,4790
9275,791,4791
9276,792,4792
9277,793,4793
9278,794,4794
9279,795,4795
9280,796,4796
9281,797,4797
9282,798,4798
9283,799,4799
9284,800,4800
9285,801,4801
9286,802,4802
9287,803,4803
9288,804,4804
9289,805,4805
9290,806,4806
9291,807,4807
9292,808,4808
9293,809,4809
9294,810,4810
9295,811,4811
9296,812,4812
9297,813,4813
9298,814,4814
9299,815,4815
9300,816,4816
9301,817,4817
9302,818,4818
9303,819,4819
9304,820,4820
9305,821,4821
9306,822,4822
9307,823,4823
9308,824,4824
9309,825,4825
9310,826,4826
9311,827,4827
9312,828,4828
9313,829,4829
9314,830,4830
9315,831,4831
9316,832,4832
9317,833,4833
9318,834,4834
9319,835,4835
9320,836,4836
9321,837,4837
9322,838,4838
9323,839,4839
9324,840,4840
9325,841,4841
9326,842,4842
9327,843,4843
9328,844,4844
9329,845,4845
9330,846,4846
9331,847,4847
9332,848,4848
9333,849,4849
9334,850,4850
9335,851,4851
9336,852,4852
9337,853,4853
9338,854,4854
9339,855,4855
9340,856,4856
9341,857,4857
9342,858,4858
9343,859,4859
9344,860,4860
9345,861,4861
9346,862,4862
9347,863,4863
9348,864,4864
9349,865,4865
9350,866,4866
9351,867,4867
9352,868,4868
9353,869,4869
9354,870,4870
9355,871,4871
9356,872,4872
9357,873,4873
9358,874,4874
9359,875,4875
9360,876,4876
9361,877,4877
9362,878,4878
9363,879,4879
9364,880,4880
9365,881,4881
9366,882,4882
9367,883,4883
9368,884,4884
9369,885,4885
9370,886,4886
9371,887,4887
9372,888,4888
9373,889,4889
9374,890,4890
9375,891,4891
9376,892,4892
9377,893,4893
9378,894,4894
9379,895,4895
9380,896,4896
9381,897,4897
9382,898,4898
9383,899,4899
9384,900,4900
9385,901,4901
9386,902,4902
9387,903,4903
9388,904,4904
9389,905,4905
9390,906,4906
9391,907,4907
9392,908,4908
9393,909,4909
9394,910,4910
9395,911,4911
9396,912,4912
9397,913,4913
9398,914,4914
9399,915,4915
9400,916,4916
9401,917,4917
9402,918,4918
9403,919,4919
9404,920,4920
9405,921,4921
9406,922,4922
9407,923,4923
9408,924,4924
9409,925,4925
9410,926,4926
9411,927,4927
9412,928,4928
9413,929,4929
9414,930,4930
9415,931,4931
9416,932,4932
9417,933,4933
9418,934,4934
9419,935,4935
9420,936,4936
9421,937,4937
9422,938,4938
9423,939,4939
9424,940,4940
9425,941,4941
9426,942,4942
9427,943,4943
9428,944,4944
9429,945,4945
9430,946,4946
9431,947,4947
9432,948,4948
9433,949,4949
9434,950,4950
9435,951,4951
9436,952,4952
9437,953,4953
9438,954,4954
9439,955,4955
9440,956,4956
9441,957,4957
9442,958,4958
9443,959,4959
9444,960,4960
9445,961,4961
9446,962,4962
9447,963,4963
9448,964,4964
9449,965,4965
9450,966,4966
9451,967,4967
9452,968,4968
9453,969,4969
9454,970,4970
9455,971,4971
9456,972,4972
9457,973,4973
9458,974,4974
9459,975,4975
9460,976,4976
9461,977,4977
9462,978,4978
9463,979,4979
9464,980,4980
9465,981,4981
9466,982,4982
9467,983,4983
9468,984,4984
9469,985,4985
9470,986,4986
9471,987,4987
9472,988,4988
9473,989,4989
9474,990,4990
9475,991,4991
9476,992,4992
9477,993,4993
9478,994,4994
9479,995,4995
9480,996,4996
9481,997,4997
9482,998,4998
9483,999,4999
9484,1000,5000
9485,1001,5001
9486,1002,5002
9487,1003,5003
9488,1004,5004
9489,1005,5005
9490,1006,5006
9491,1007,5007
9492,1008,5008
9493,1009,5009
9494,1010,5010
9495,1011,5011
9496,1012,5012
9497,1013,5013
9498,1014,5014
9499,1015,5015
9500,1016,5016
9501,1017,5017
9502,1018,5018
9503,1019,5019
9504,1020,5020
9505,1021,5021
9506,1022,5022
9507,1023,5023
9508,1024,5024
9509,1025,5025
9510,1026,5026
9511,1027,5027
9512,1028,5028
9513,1029,5029
9514,1030,5030
9515,1031,5031
9516,1032,5032
9517,1033,5033
9518,1034,5034
9519,1035,5035
9520,1036,5036
9521,1037,5037
9522,1038,5038
9523,1039,5039
9524,1040,5040
9525,1041,5041
9526,1042,5042
9527,1043,5043
9528,1044,5044
9529,1045,5045
9530,1046,5046
9531,1047,5047
9532,1048,5048
9533,1049,5049
9534,1050,5050
9535,1051,5051
9536,1052,5052
9537,1053,5053
9538,1054,5054
9539,1055,5055
9540,1056,5056
9541,1057,5057
9542,1058,5058
9543,1059,5059
9544,1060,5060
9545,1061,5061
9546,1062,5062
9547,1063,5063
9548,1064,5064
9549,1065,5065
9550,1066,5066
9551,1067,5067
9552,1068,5068
9553,1069,5069
9554,1070,5070
9555,1071,5071
9556,1072,5072
9557,1073,5073
9558,1074,5074
9559,1075,5075
9560,1076,5076
9561,1077,5077
9562,1078,5078
9563,1079,5079
9564,1080,5080
9565,1081,5081
9566,1082,5082
9567,1083,5083
9568,1084,5084
9569,1085,5085
9570,1086,5086
9571,1087,5087
9572,1088,5088
9573,1089,5089
9574,1090,5090
9575,1091,5091
9576,1092,5092
9577,1093,5093
9578,1094,5094
9579,1095,5095
9580,1096,5096
9581,1097,5097
9582,1098,5098
9583,1099,5099
9584,1100,5100
9585,1101,5101
9586,1102,5102
9587,1103,5103
9588,1104,5104
9589,1105,5105
9590,1106,5106
9591,1107,5107
9592,1108,5108
9593,1109,5109
9594,1110,5110
9595,1111,5111
9596,1112,5112
9597,1113,5113
9598,1114,5114
9599,1115,5115
9600,1116,5116
9601,1117,5117
9602,1118,5118
9603,1119,5119
9604,1120,5120
9605,1121,5121
9606,1122,5122
9607,1123,5123
9608,1124,5124
9609,1125,5125
9610,1126,5126
9611,1127,5127
9612,1128,5128
9613,1129,5129
9614,1130,5130
9615,1131,5131
9616,1132,5132
9617,1133,5133
9618,1134,5134
9619,1135,5135
9620,1136,5136
9621,1137,5137
9622,1138,5138
9623,1139,5139
9624,1140,5140
9625,1141,5141
9626,1142,5142
9627,1143,5143
9628,1144,5144
9629,1145,5145
9630,1146,5146
9631,1147,5147
9632,1148,5148
9633,1149,5149
9634,1150,5150
9635,1151,5151
9636,1152,5152
9637,1153,5153
9638,1154,5154
9639,1155,5155
9640,1156,5156
9641,1157,5157
9642,1158,5158
9643,1159,5159
9644,1160,5160
9645,1161,5161
9646,1162,5162
9647,1163,5163
9648,1164,5164
9649,1165,5165
9650,1166,5166
9651,1167,5167
9652,1168,5168
9653,1169,5169
9654,1170,5170
9655,1171,5171
9656,1172,5172
9657,1173,5173
9658,1174,5174
9659,1175,5175
9660,1176,5176
9661,1177,5177
9662,1178,5178
9663,1179,5179
9664,1180,5180
9665,1181,5181
9666,1182,5182
9667,1183,5183
9668,1184,5184
9669,1185,5185
9670,1186,5186
9671,1187,5187
9672,1188,5188
9673,1189,5189
9674,1190,5190
9675,1191,5191
9676,1192,5192
9677,1193,5193
9678,1194,5194
9679,1195,5195
9680,1196,5196
9681,1197,5197
9682,1198,5198
9683,1199,5199
9684,1200,5200
9685,1201,5201
9686,1202,5202
9687,1203,5203
9688,1204,5204
9689,1205,5205
9690,1206,5206
9691,1207,5207
9692,1208,5208
9693,1209,5209
9694,1210,5210
9695,1211,5211
9696,1212,5212
9697,1213,5213
9698,1214,5214
9699,1215,5215
9700,1216,5216
9701,1217,5217
9702,1218,5218
9703,1219,5219
9704,1220,5220
9705,1221,5221
9706,1222,5222
9707,1223,5223
9708,1224,5224
9709,1225,5225
9710,1226,5226
9711,1227,5227
9712,1228,5228
9713,1229,5229
9714,1230,5230
9715,1231,5231
9716,1232,5232
9717,1233,5233
9718,1234,5234
9719,1235,5235
9720,1236,5236
9721,1237,5237
9722,1238,5238
9723,1239,5239
9724,1240,5240
9725,1241,5241
9726,1242,5242
9727,1243,5243
9728,1244,5244
9729,1245,5245
9730,1246,5246
9731,1247,5247
9732,1248,5248
9733,1249,5249
9734,1250,5250
9735,1251,5251
9736,1252,5252
9737,1253,5253
9738,1254,5254
9739,1255,5255
9740,1256,5256
9741,1257,5257
9742,1258,5258
9743,1259,5259
9744,1260,5260
9745,1261,5261
9746,1262,5262
9747,1263,5263
9748,1264,5264
9749,1265,5265
9750,1266,5266
9751,1267,5267
9752,1268,5268
9753,1269,5269
9754,1270,5270
9755,1271,5271
9756,1272,5272
9757,1273,5273
9758,1274,5274
9759,1275,5275
9760,1276,5276
9761,1277,5277
9762,1278,5278
9763,1279,5279
9764,1280,5280
9765,1281,5281
9766,1282,5282
9767,1283,5283
9768,1284,5284
9769,1285,5285
9770,1286,5286
9771,1287,5287
9772,1288,5288
9773,1289,5289
9774,1290,5290
9775,1291,5291
9776,1292,5292
9777,1293,5293
9778,1294,5294
9779,1295,5295
9780,1296,5296
9781,1297,5297
9782,1298,5298
9783,1299,5299
9784,1300,5300
9785,1301,5301
9786,1302,5302
9787,1303,5303
9788,1304,5304
9789,1305,5305
9790,1306,5306
9791,1307,5307
9792,1308,5308
9793,1309,5309
9794,1310,5310
9795,1311,5311
9796,1312,5312
9797,1313,5313
9798,1314,5314
9799,1315,5315
9800,1316,5316
9801,1317,5317
9802,1318,5318
9803,1319,5319
9804,1320,5320
9805,1321,5321
9806,1322,5322
9807,1323,5323
9808,1324,5324
9809,1325,5325
9810,1326,5326
9811,1327,5327
9812,1328,5328
9813,1329,5329
9814,1330,5330
9815,1331,5331
9816,1332,5332
9817,1333,5333
9818,1334,5334
9819,1335,5335
9820,1336,5336
9821,1337,5337
9822,1338,5338
9823,1339,5339
9824,1340,5340
9825,1341,5341
9826,1342,5342
9827,1343,5343
9828,1344,5344
9829,1345,5345
9830,1346,5346
9831,1347,5347
9832,1348,5348
9833,1349,5349
9834,1350,5350
9835,1351,5351
9836,1352,5352
9837,1353,5353
9838,1354,5354
9839,1355,5355
9840,1356,5356
9841,1357,5357
9842,1358,5358
9843,1359,5359
9844,1360,5360
9845,1361,5361
9846,1362,5362
9847,1363,5363
9848,1364,5364
9849,1365,5365
9850,1366,5366
9851,1367,5367
9852,1368,5368
9853,1369,5369
9854,1370,5370
9855,1371,5371
9856,1372,5372
9857,1373,5373
9858,1374,5374
9859,1375,5375
9860,1376,5376
9861,1377,5377
9862,1378,5378
9863,1379,5379
9864,1380,5380
9865,1381,5381
9866,1382,5382
9867,1383,5383
9868,1384,5384
9869,1385,5385
9870,1386,5386
9871,1387,5387
9872,1388,5388
9873,1389,5389
9874,1390,5390
9875,1391,5391
9876,1392,5392
9877,1393,5393
9878,1394,5394
9879,1395,5395
9880,1396,5396
9881,1397,5397
9882,1398,5398
9883,1399,5399
9884,1400,5400
9885,1401,5401
9886,1402,5402
9887,1403,5403
9888,1404,5404
9889,1405,5405
9890,1406,5406
9891,1407,5407
9892,1408,5408
9893,1409,5409
9894,1410,5410
9895,1411,5411
9896,1412,5412
9897,1413,5413
9898,1414,5414
9899,1415,5415
9900,1416,5416
9901,1417,5417
9902,1418,5418
9903,1419,5419
9904,1420,5420
9905,1421,5421
9906,1422,5422
9907,1423,5423
9908,1424,5424
9909,1425,5425
9910,1426,5426
9911,1427,5427
9912,1428,5428
9913,1429,5429
9914,1430,5430
9915,1431,5431
9916,1432,5432
9917,1433,5433
9918,1434,5434
9919,1435,5435
9920,1436,5436
9921,1437,5437
9922,1438,5438
9923,1439,5439
9924,1440,5440
9925,1441,5441
9926,1442,5442
9927,1443,5443
9928,1444,5444
9929,1445,5445
9930,1446,5446
9931,1447,5447
9932,1448,5448
9933,1449,5449
9934,1450,5450
9935,1451,5451
9936,1452,5452
9937,1453,5453
9938,1454,5454
9939,1455,5455
9940,1456,5456
9941,1457,5457
9942,1458,5458
9943,1459,5459
9944,1460,5460
9945,1461,5461
9946,1462,5462
9947,1463,5463
9948,1464,5464
9949,1465,5465
9950,1466,5466
9951,1467,5467
9952,1468,5468
9953,1469,5469
9954,1470,5470
9955,1471,5471
9956,1472,5472
9957,1473,5473
9958,1474,5474
9959,1475,5475
9960,1476,5476
9961,1477,5477
9962,1478,5478
9963,1479,5479
9964,1480,5480
9965,1481,5481
9966,1482,5482
9967,1483,5483
9968,1484,5484
9969,1485,5485
9970,1486,5486
9971,1487,5487
9972,1488,5488
9973,1489,5489
9974,1490,5490
9975,1491,5491
9976,1492,5492
9977,1493,5493
9978,1494,5494
9979,1495,5495
9980,1496,5496
9981,1497,5497
9982,1498,5498
9983,1499,5499
9984,1500,5500
9985,1501,5501
9986,1502,5502
9987,1503,5503
9988,1504,5504
9989,1505,5505
9990,1506,5506
9991,1507,5507
9992,1508,5508
9993,1509,5509
9994,1510,5510
9995,1511,5511
9996,1512,5512
9997,1513,5513
9998,1514,5514
9999,1515,5515
10000,1516,5516
10001,1517,5517
10002,1518,5518
10003,1519,5519
10004,1520,5520
10005,1521,5521
10006,1522,5522
10007,1523,5523
10008,1524,5524
10009,1525,5525
10010,1526,5526
10011,1527,5527
10012,1528,5528
10013,1529,5529
10014,1530,5530
10015,1531,5531
10016,1532,5532
10017,1533,5533
10018,1534,5534
10019,1535,5535
10020,1536,5536
10021,1537,5537
10022,1538,5538
10023,1539,5539
10024,1540,5540
10025,1541,5541
10026,1542,5542
10027,1543,5543
10028,1544,5544
10029,1545,5545
10030,1546,5546
10031,1547,5547
10032,1548,5548
10033,1549,5549
10034,1550,5550
10035,1551,5551
10036,1552,5552
10037,1553,5553
10038,1554,5554
10039,1555,5555
10040,1556,5556
10041,1557,5557
10042,1558,5558
10043,1559,5559
10044,1560,5560
10045,1561,5561
10046,1562,5562
10047,1563,5563
10048,1564,5564
10049,1565,5565
10050,1566,5566
10051,1567,5567
10052,1568,5568
10053,1569,5569
10054,1570,5570
10055,1571,5571
10056,1572,5572
10057,1573,5573
10058,1574,5574
10059,1575,5575
10060,1576,5576
10061,1577,5577
10062,1578,5578
10063,1579,5579
10064,1580,5580
10065,1581,5581
10066,1582,5582
10067,1583,5583
10068,1584,5584
10069,1585,5585
10070,1586,5586
10071,1587,5587
10072,1588,5588
10073,1589,5589
10074,1590,5590
10075,1591,5591
10076,1592,5592
10077,1593,5593
10078,1594,5594
10079,1595,5595
10080,1596,5596
10081,1597,5597
10082,1598,5598
10083,1599,5599
10084,1600,5600
10085,1601,5601
10086,1602,5602
10087,1603,5603
10088,1604,5604
10089,1605,5605
10090,1606,5606
10091,1607,5607
10092,1608,5608
10093,1609,5609
10094,1610,5610
10095,1611,5611
10096,1612,5612
10097,1613,5613
10098,1614,5614
10099,1615,5615
10100,1616,5616
10101,1617,5617
10102,1618,5618
10103,1619,5619
10104,1620,5620
10105,1621,5621
10106,1622,5622
10107,1623,5623
10108,1624,5624
10109,1625,5625
10110,1626,5626
10111,1627,5627
10112,1628,5628
10113,1629,5629
10114,1630,5630
10115,1631,5631
10116,1632,5632
10117,1633,5633
10118,1634,5634
10119,1635,5635
10120,1636,5636
10121,1637,5637
10122,1638,5638
10123,1639,5639
10124,1640,5640
10125,1641,5641
10126,1642,5642
10127,1643,5643
10128,1644,5644
10129,1645,5645
10130,1646,5646
10131,1647,5647
10132,1648,5648
10133,1649,5649
10134,1650,5650
10135,1651,5651
10136,1652,5652
10137,1653,5653
10138,1654,5654
10139,1655,5655
10140,1656,5656
10141,1657,5657
10142,1658,5658
10143,1659,5659
10144,1660,5660
10145,1661,5661
10146,1662,5662
10147,1663,5663
10148,1664,5664
10149,1665,5665
10150,1666,5666
10151,1667,5667
10152,1668,5668
10153,1669,5669
10154,1670,5670
10155,1671,5671
10156,1672,5672
10157,1673,5673
10158,1674,5674
10159,1675,5675
10160,1676,5676
10161,1677,5677
10162,1678,5678
10163,1679,5679
10164,1680,5680
10165,1681,5681
10166,1682,5682
10167,1683,5683
10168,1684,5684
10169,1685,5685
10170,1686,5686
10171,1687,5687
10172,1688,5688
10173,1689,5689
10174,1690,5690
10175,1691,5691
10176,1692,5692
10177,1693,5693
10178,1694,5694
10179,1695,5695
10180,1696,5696
10181,1697,5697
10182,1698,5698
10183,1699,5699
10184,1700,5700
10185,1701,5701
10186,1702,5702
10187,1703,5703
10188,1704,5704
10189,1705,5705
10190,1706,5706
10191,1707,5707
10192,1708,5708
10193,1709,5709
10194,1710,5710
10195,1711,5711
10196,1712,5712
10197,1713,5713
10198,1714,5714
10199,1715,5715
10200,1716,5716
10201,1717,5717
10202,1718,5718
10203,1719,5719
10204,1720,5720
10205,1721,5721
10206,1722,5722
10207,1723,5723
10208,1724,5724
10209,1725,5725
10210,1726,5726
10211,1727,5727
10212,1728,5728
10213,1729,5729
10214,1730,5730
10215,1731,5731
10216,1732,5732
10217,1733,5733
10218,1734,5734
10219,1735,5735
10220,1736,5736
10221,1737,5737
10222,1738,5738
10223,1739,5739
10224,1740,5740
10225,1741,5741
10226,1742,5742
10227,1743,5743
10228,1744,5744
10229,1745,5745
10230,1746,5746
10231,1747,5747
10232,1748,5748
10233,1749,5749
10234,1750,5750
10235,1751,5751
10236,1752,5752
10237,1753,5753
10238,1754,5754
10239,1755,5755
10240,1756,5756
10241,1757,5757
10242,1758,5758
10243,1759,5759
10244,1760,5760
10245,1761,5761
10246,1762,5762
10247,1763,5763
10248,1764,5764
10249,1765,5765
10250,1766,5766
10251,1767,5767
10252,1768,5768
10253,1769,5769
10254,1770,5770
10255,1771,5771
10256,1772,5772
10257,1773,5773
10258,1774,5774
10259,1775,5775
10260,1776,5776
10261,1777,5777
10262,1778,5778
10263,1779,5779
10264,1780,5780
10265,1781,5781
10266,1782,5782
10267,1783,5783
10268,1784,5784
10269,1785,5785
10270,1786,5786
10271,1787,5787
10272,1788,5788
10273,1789,5789
10274,1790,5790
10275,1791,5791
10276,1792,5792
10277,1793,5793
10278,1794,5794
10279,1795,5795
10280,1796,5796
10281,1797,5797
10282,1798,5798
10283,1799,5799
10284,1800,5800
10285,1801,5801
10286,1802,5802
10287,1803,5803
10288,1804,5804
10289,1805,5805
10290,1806,5806
10291,1807,5807
10292,1808,5808
10293,1809,5809
10294,1810,5810
10295,1811,5811
10296,1812,5812
10297,1813,5813
10298,1814,5814
10299,1815,5815
10300,1816,5816
10301,1817,5817
10302,1818,5818
10303,1819,5819
10304,1820,5820
10305,1821,5821
10306,1822,5822
10307,1823,5823
10308,1824,5824
10309,1825,5825
10310,1826,5826
10311,1827,5827
10312,1828,5828
10313,1829,5829
10314,1830,5830
10315,1831,5831
10316,1832,5832
10317,1833,5833
10318,1834,5834
10319,1835,5835
10320,1836,5836
10321,1837,5837
10322,1838,5838
10323,1839,5839
10324,1840,5840
10325,1841,5841
10326,1842,5842
10327,1843,5843
10328,1844,5844
10329,1845,5845
10330,1846,5846
10331,1847,5847
10332,1848,5848
10333,1849,5849
10334,1850,5850
10335,1851,5851
10336,1852,5852
10337,1853,5853
10338,1854,5854
10339,1855,5855
10340,1856,5856
10341,1857,5857
10342,1858,5858
10343,1859,5859
10344,1860,5860
10345,1861,5861
10346,1862,5862
10347,1863,5863
10348,1864,5864
10349,1865,5865
10350,1866,5866
10351,1867,5867
10352,1868,5868
10353,1869,5869
10354,1870,5870
10355,1871,5871
10356,1872,5872
10357,1873,5873
10358,1874,5874
10359,1875,5875
10360,1876,5876
10361,1877,5877
10362,1878,5878
10363,1879,5879
10364,1880,5880
10365,1881,5881
10366,1882,5882
10367,1883,5883
10368,1884,5884
10369,1885,5885
10370,1886,5886
10371,1887,5887
10372,1888,5888
10373,1889,5889
10374,1890,5890
10375,1891,5891
10376,1892,5892
10377,1893,5893
10378,1894,5894
10379,1895,5895
10380,1896,5896
10381,1897,5897
10382,1898,5898
10383,1899,5899
10384,1900,5900
10385,1901,5901
10386,1902,5902
10387,1903,5903
10388,1904,5904
10389,1905,5905
10390,1906,5906
10391,1907,5907
10392,1908,5908
10393,1909,5909
10394,1910,5910
10395,1911,5911
10396,1912,5912
10397,1913,5913
10398,1914,5914
10399,1915,5915
10400,1916,5916
10401,1917,5917
10402,1918,5918
10403,1919,5919
10404,1920,5920
10405,1921,5921
10406,1922,5922
10407,1923,5923
10408,1924,5924
10409,1925,5925
10410,1926,5926
10411,1927,5927
10412,1928,5928
10413,1929,5929
10414,1930,5930
10415,1931,5931
10416,1932,5932
10417,1933,5933
10418,1934,5934
10419,1935,5935
10420,1936,5936
10421,1937,5937
10422,1938,5938
10423,1939,5939
10424,1940,5940
10425,1941,5941
10426,1942,5942
10427,1943,5943
10428,1944,5944
10429,1945,5945
10430,1946,5946
10431,1947,5947
10432,1948,5948
10433,1949,5949
10434,1950,5950
10435,1951,5951
10436,1952,5952
10437,1953,5953
10438,1954,5954
10439,1955,5955
10440,1956,5956
10441,1957,5957
10442,1958,5958
10443,1959,5959
10444,1960,5960
10445,1961,5961
10446,1962,5962
10447,1963,5963
10448,1964,5964
10449,1965,5965
10450,1966,5966
10451,1967,5967
10452,1968,5968
10453,1969,5969
10454,1970,5970
10455,1971,5971
10456,1972,5972
10457,1973,5973
10458,1974,5974
10459,1975,5975
10460,1976,5976
10461,1977,5977
10462,1978,5978
10463,1979,5979
10464,1980,5980
10465,1981,5981
10466,1982,5982
10467,1983,5983
10468,1984,5984
10469,1985,5985
10470,1986,5986
10471,1987,5987
10472,1988,5988
10473,1989,5989
10474,1990,5990
10475,1991,5991
10476,1992,5992
10477,1993,5993
10478,1994,5994
10479,1995,5995
10480,1996,5996
10481,1997,5997
10482,1998,5998
10483,1999,5999
10484,2000,6000
10485,2001,6001
10486,2002,6002
10487,2003,6003
10488,2004,6004
10489,2005,6005
10490,2006,6006
10491,2007,6007
10492,2008,6008
10493,2009,6009
10494,2010,6010
10495,2011,6011
10496,2012,6012
10497,2013,6013
10498,2014,6014
10499,2015,6015
10500,2016,6016
10501,2017,6017
10502,2018,6018
10503,2019,6019
10504,2020,6020
10505,2021,6021
10506,2022,6022
10507,2023,6023
10508,2024,6024
10509,2025,6025
10510,2026,6026
10511,2027,6027
10512,2028,6028
10513,2029,6029
10514,2030,6030
10515,2031,6031
10516,2032,6032
10517,2033,6033
10518,2034,6034
10519,2035,6035
10520,2036,6036
10521,2037,6037
10522,2038,6038
10523,2039,6039
10524,2040,6040
10525,2041,6041
10526,2042,6042
10527,2043,6043
10528,2044,6044
10529,2045,6045
10530,2046,6046
10531,2047,6047
10532,2048,6048
10533,2049,6049
10534,2050,6050
10535,2051,6051
10536,2052,6052
10537,2053,6053
10538,2054,6054
10539,2055,6055
10540,2056,6056
10541,2057,6057
10542,2058,6058
10543,2059,6059
10544,2060,6060
10545,2061,6061
10546,2062,6062
10547,2063,6063
10548,2064,6064
10549,2065,6065
10550,2066,6066
10551,2067,6067
10552,2068,6068
10553,2069,6069
10554,2070,6070
10555,2071,6071
10556,2072,6072
10557,2073,6073
10558,2074,6074
10559,2075,6075
10560,2076,6076
10561,2077,6077
10562,2078,6078
10563,2079,6079
10564,2080,6080
10565,2081,6081
10566,2082,6082
10567,2083,6083
10568,2084,6084
10569,2085,6085
10570,2086,6086
10571,2087,6087
10572,2088,6088
10573,2089,6089
10574,2090,6090
10575,2091,6091
10576,2092,6092
10577,2093,6093
10578,2094,6094
10579,2095,6095
10580,2096,6096
10581,2097,6097
10582,2098,6098
10583,2099,6099
10584,2100,6100
10585,2101,6101
10586,2102,6102
10587,2103,6103
10588,2104,6104
10589,2105,6105
10590,2106,6106
10591,2107,6107
10592,2108,6108
10593,2109,6109
10594,2110,6110
10595,2111,6111
10596,2112,6112
10597,2113,6113
10598,2114,6114
10599,2115,6115
10600,2116,6116
10601,2117,6117
10602,2118,6118
10603,2119,6119
10604,2120,6120
10605,2121,6121
10606,2122,6122
10607,2123,6123
10608,2124,6124
10609,2125,6125
10610,2126,6126
10611,2127,6127
10612,2128,6128
10613,2129,6129
10614,2130,6130
10615,2131,6131
10616,2132,6132
10617,2133,6133
10618,2134,6134
10619,2135,6135
10620,2136,6136
10621,2137,6137
10622,2138,6138
10623,2139,6139
10624,2140,6140
10625,2141,6141
10626,2142,6142
10627,2143,6143
10628,2144,6144
10629,2145,6145
10630,2146,6146
10631,2147,6147
10632,2148,6148
10633,2149,6149
10634,2150,6150
10635,2151,6151
10636,2152,6152
10637,2153,6153
10638,2154,6154
10639,2155,6155
10640,2156,6156
10641,2157,6157
10642,2158,6158
10643,2159,6159
10644,2160,6160
10645,2161,6161
10646,2162,6162
10647,2163,6163
10648,2164,6164
10649,2165,6165
10650,2166,6166
10651,2167,6167
10652,2168,6168
10653,2169,6169
10654,2170,6170
10655,2171,6171
10656,2172,6172
10657,2173,6173
10658,2174,6174
10659,2175,6175
10660,2176,6176
10661,2177,6177
10662,2178,6178
10663,2179,6179
10664,2180,6180
10665,2181,6181
10666,2182,6182
10667,2183,6183
10668,2184,6184
10669,2185,6185
10670,2186,6186
10671,2187,6187
10672,2188,6188
10673,2189,6189
10674,2190,6190
10675,2191,6191
10676,2192,6192
10677,2193,6193
10678,2194,6194
10679,2195,6195
10680,2196,6196
10681,2197,6197
10682,2198,6198
10683,2199,6199
10684,2200,6200
10685,2201,6201
10686,2202,6202
10687,2203,6203
10688,2204,6204
10689,2205,6205
10690,2206,6206
10691,2207,6207
10692,2208,6208
10693,2209,6209
10694,2210,6210
10695,2211,6211
10696,2212,6212
10697,2213,6213
10698,2214,6214
10699,2215,6215
10700,2216,6216
10701,2217,6217
10702,2218,6218
10703,2219,6219
10704,2220,6220
10705,2221,6221
10706,2222,6222
10707,2223,6223
10708,2224,6224
10709,2225,6225
10710,2226,6226
10711,2227,6227
10712,2228,6228
10713,2229,6229
10714,2230,6230
10715,2231,6231
10716,2232,6232
10717,2233,6233
10718,2234,6234
10719,2235,6235
10720,2236,6236
10721,2237,6237
10722,2238,6238
10723,2239,6239
10724,2240,6240
10725,2241,6241
10726,2242,6242
10727,2243,6243
10728,2244,6244
10729,2245,6245
10730,2246,6246
10731,2247,6247
10732,2248,6248
10733,2249,6249
10734,2250,6250
10735,2251,6251
10736,2252,6252
10737,2253,6253
10738,2254,6254
10739,2255,6255
10740,2256,6256
10741,2257,6257
10742,2258,6258
10743,2259,6259
10744,2260,6260
10745,2261,6261
10746,2262,6262
10747,2263,6263
10748,2264,6264
10749,2265,6265
10750,2266,6266
10751,2267,6267
10752,2268,6268
10753,2269,6269
10754,2270,6270
10755,2271,6271
10756,2272,6272
10757,2273,6273
10758,2274,6274
10759,2275,6275
10760,2276,6276
10761,2277,6277
10762,2278,6278
10763,2279,6279
10764,2280,6280
10765,2281,6281
10766,2282,6282
10767,2283,6283
10768,2284,6284
10769,2285,6285
10770,2286,6286
10771,2287,6287
10772,2288,6288
10773,2289,6289
10774,2290,6290
10775,2291,6291
10776,2292,6292
10777,2293,6293
10778,2294,6294
10779,2295,6295
10780,2296,6296
10781,2297,6297
10782,2298,6298
10783,2299,6299
10784,2300,6300
10785,2301,6301
10786,2302,6302
10787,2303,6303
10788,2304,6304
10789,2305,6305
10790,2306,6306
10791,2307,6307
10792,2308,6308
10793,2309,6309
10794,2310,6310
10795,2311,6311
10796,2312,6312
10797,2313,6313
10798,2314,6314
10799,2315,6315
10800,2316,6316
10801,2317,6317
10802,2318,6318
10803,2319,6319
10804,2320,6320
10805,2321,6321
10806,2322,6322
10807,2323,6323
10808,2324,6324
10809,2325,6325
10810,2326,6326
10811,2327,6327
10812,2328,6328
10813,2329,6329
10814,2330,6330
10815,2331,6331
10816,2332,6332
10817,2333,6333
10818,2334,6334
10819,2335,6335
10820,2336,6336
10821,2337,6337
10822,2338,6338
10823,2339,6339
10824,2340,6340
10825,2341,6341
10826,2342,6342
10827,2343,6343
10828,2344,6344
10829,2345,6345
10830,2346,6346
10831,2347,6347
10832,2348,6348
10833,2349,6349
10834,2350,6350
10835,2351,6351
10836,2352,6352
10837,2353,6353
10838,2354,6354
10839,2355,6355
10840,2356,6356
10841,2357,6357
10842,2358,6358
10843,2359,6359
10844,2360,6360
10845,2361,6361
10846,2362,6362
10847,2363,6363
10848,2364,6364
10849,2365,6365
10850,2366,6366
10851,2367,6367
10852,2368,6368
10853,2369,6369
10854,2370,6370
10855,2371,6371
10856,2372,6372
10857,2373,6373
10858,2374,6374
10859,2375,6375
10860,2376,6376
10861,2377,6377
10862,2378,6378
10863,2379,6379
10864,2380,6380
10865,2381,6381
10866,2382,6382
10867,2383,6383
10868,2384,6384
10869,2385,6385
10870,2386,6386
10871,2387,6387
10872,2388,6388
10873,2389,6389
10874,2390,6390
10875,2391,6391
10876,2392,6392
10877,2393,6393
10878,2394,6394
10879,2395,6395
10880,2396,6396
10881,2397,6397
10882,2398,6398
10883,2399,6399
10884,2400,6400
10885,2401,6401
10886,2402,6402
10887,2403,6403
10888,2404,6404
10889,2405,6405
10890,2406,6406
10891,2407,6407
10892,2408,6408
10893,2409,6409
10894,2410,6410
10895,2411,6411
10896,2412,6412
10897,2413,6413
10898,2414,6414
10899,2415,6415
10900,2416,6416
10901,2417,6417
10902,2418,6418
10903,2419,6419
10904,2420,6420
10905,2421,6421
10906,2422,6422
10907,2423,6423
10908,2424,6424
10909,2425,6425
10910,2426,6426
10911,2427,6427
10912,2428,6428
10913,2429,6429
10914,2430,6430
10915,2431,6431
10916,2432,6432
10917,2433,6433
10918,2434,6434
10919,2435,6435
10920,2436,6436
10921,2437,6437
10922,2438,6438
10923,2439,6439
10924,2440,6440
10925,2441,6441
10926,2442,6442
10927,2443,6443
10928,2444,6444
10929,2445,6445
10930,2446,6446
10931,2447,6447
10932,2448,6448
10933,2449,6449
10934,2450,6450
10935,2451,6451
10936,2452,6452
10937,2453,6453
10938,2454,6454
10939,2455,6455
10940,2456,6456
10941,2457,6457
10942,2458,6458
10943,2459,6459
10944,2460,6460
10945,2461,6461
10946,2462,6462
10947,2463,6463
10948,2464,6464
10949,2465,6465
10950,2466,6466
10951,2467,6467
10952,2468,6468
10953,2469,6469
10954,2470,6470
10955,2471,6471
10956,2472,6472
10957,2473,6473
10958,2474,6474
10959,2475,6475
10960,2476,6476
10961,2477,6477
10962,2478,6478
10963,2479,6479
10964,2480,6480
10965,2481,6481
10966,2482,6482
10967,2483,6483
10968,2484,6484
10969,2485,6485
10970,2486,6486
10971,2487,6487
10972,2488,6488
10973,2489,6489
10974,2490,6490
10975,2491,6491
10976,2492,6492
10977,2493,6493
10978,2494,6494
10979,2495,6495
10980,2496,6496
10981,2497,6497
10982,2498,6498
10983,2499,6499
10984,2500,6500
10985,2501,6501
10986,2502,6502
10987,2503,6503
10988,2504,6504
10989,2505,6505
10990,2506,6506
10991,2507,6507
10992,2508,6508
10993,2509,6509
10994,2510,6510
10995,2511,6511
10996,2512,6512
10997,2513,6513
10998,2514,6514
10999,2515,6515
11000,2516,6516
11001,2517,6517
11002,2518,6518
11003,2519,6519
11004,2520,6520
11005,2521,6521
11006,2522,6522
11007,2523,6523
11008,2524,6524
11009,2525,6525
11010,2526,6526
11011,2527,6527
11012,2528,6528
11013,2529,6529
11014,2530,6530
11015,2531,6531
11016,2532,6532
11017,2533,6533
11018,2534,6534
11019,2535,6535
11020,2536,6536
11021,2537,6537
11022,2538,6538
11023,2539,6539
11024,2540,6540
11025,2541,6541
11026,2542,6542
11027,2543,6543
11028,2544,6544
11029,2545,6545
11030,2546,6546
11031,2547,6547
11032,2548,6548
11033,2549,6549
11034,2550,6550
11035,2551,6551
11036,2552,6552
11037,2553,6553
11038,2554,6554
11039,2555,6555
11040,2556,6556
11041,2557,6557
11042,2558,6558
11043,2559,6559
11044,2560,6560
11045,2561,6561
11046,2562,6562
11047,2563,6563
11048,2564,6564
11049,2565,6565
11050,2566,6566
11051,2567,6567
11052,2568,6568
11053,2569,6569
11054,2570,6570
11055,2571,6571
11056,2572,6572
11057,2573,6573
11058,2574,6574
11059,2575,6575
11060,2576,6576
11061,2577,6577
11062,2578,6578
11063,2579,6579
11064,2580,6580
11065,2581,6581
11066,2582,6582
11067,2583,6583
11068,2584,6584
11069,2585,6585
11070,2586,6586
11071,2587,6587
11072,2588,6588
11073,2589,6589
11074,2590,6590
11075,2591,6591
11076,2592,6592
11077,2593,6593
11078,2594,6594
11079,2595,6595
11080,2596,6596
11081,2597,6597
11082,2598,6598
11083,2599,6599
11084,2600,6600
11085,2601,6601
11086,2602,6602
11087,2603,6603
11088,2604,6604
11089,2605,6605
11090,2606,6606
11091,2607,6607
11092,2608,6608
11093,2609,6609
11094,2610,6610
11095,2611,6611
11096,2612,6612
11097,2613,6613
11098,2614,6614
11099,2615,6615
11100,2616,6616
11101,2617,6617
11102,2618,6618
11103,2619,6619
11104,2620,6620
11105,2621,6621
11106,2622,6622
11107,2623,6623
11108,2624,6624
11109,2625,6625
11110,2626,6626
11111,2627,6627
11112,2628,6628
11113,2629,6629
11114,2630,6630
11115,2631,6631
11116,2632,6632
11117,2633,6633
11118,2634,6634
11119,2635,6635
11120,2636,6636
11121,2637,6637
11122,2638,6638
11123,2639,6639
11124,2640,6640
11125,2641,6641
11126,2642,6642
11127,2643,6643
11128,2644,6644
11129,2645,6645
11130,2646,6646
11131,2647,6647
11132,2648,6648
11133,2649,6649
11134,2650,6650
11135,2651,6651
11136,2652,6652
11137,2653,6653
11138,2654,6654
11139,2655,6655
11140,2656,6656
11141,2657,6657
11142,2658,6658
11143,2659,6659
11144,2660,6660
11145,2661,6661
11146,2662,6662
11147,2663,6663
11148,2664,6664
11149,2665,6665
11150,2666,6666
11151,2667,6667
11152,2668,6668
11153,2669,6669
11154,2670,6670
11155,2671,6671
11156,2672,6672
11157,2673,6673
11158,2674,6674
11159,2675,6675
11160,2676,6676
11161,2677,6677
11162,2678,6678
11163,2679,6679
11164,2680,6680
11165,2681,6681
11166,2682,6682
11167,2683,6683
11168,2684,6684
11169,2685,6685
11170,2686,6686
11171,2687,6687
11172,2688,6688
11173,2689,6689
11174,2690,6690
11175,2691,6691
11176,2692,6692
11177,2693,6693
11178,2694,6694
11179,2695,6695
11180,2696,6696
11181,2697,6697
11182,2698,6698
11183,2699,6699
11184,2700,6700
11185,2701,6701
11186,2702,6702
11187,2703,6703
11188,2704,6704
11189,2705,6705
11190,2706,6706
11191,2707,6707
11192,2708,6708
11193,2709,6709
11194,2710,6710
11195,2711,6711
11196,2712,6712
11197,2713,6713
11198,2714,6714
11199,2715,6715
11200,2716,6716
11201,2717,6717
11202,2718,6718
11203,2719,6719
11204,2720,6720
11205,2721,6721
11206,2722,6722
11207,2723,6723
11208,2724,6724
11209,2725,6725
11210,2726,6726
11211,2727,6727
11212,2728,6728
11213,2729,6729
11214,2730,6730
11215,2731,6731
11216,2732,6732
11217,2733,6733
11218,2734,6734
11219,2735,6735
11220,2736,6736
11221,2737,6737
11222,2738,6738
11223,2739,6739
11224,2740,6740
11225,2741,6741
11226,2742,6742
11227,2743,6743
11228,2744,6744
11229,2745,6745
11230,2746,6746
11231,2747,6747
11232,2748,6748
11233,2749,6749
11234,2750,6750
11235,2751,6751
11236,2752,6752
11237,2753,6753
11238,2754,6754
11239,2755,6755
11240,2756,6756
11241,2757,6757
11242,2758,6758
11243,2759,6759
11244,2760,6760
11245,2761,6761
11246,2762,6762
11247,2763,6763
11248,2764,6764
11249,2765,6765
11250,2766,6766
11251,2767,6767
11252,2768,6768
11253,2769,6769
11254,2770,6770
11255,2771,6771
11256,2772,6772
11257,2773,6773
11258,2774,6774
11259,2775,6775
11260,2776,6776
11261,2777,6777
11262,2778,6778
11263,2779,6779
11264,2780,6780
11265,2781,6781
11266,2782,6782
11267,2783,6783
11268,2784,6784
11269,2785,6785
11270,2786,6786
11271,2787,6787
11272,2788,6788
11273,2789,6789
11274,2790,6790
11275,2791,6791
11276,2792,6792
11277,2793,6793
11278,2794,6794
11279,2795,6795
11280,2796,6796
11281,2797,6797
11282,2798,6798
11283,2799,6799
11284,2800,6800
11285,2801,6801
11286,2802,6802
11287,2803,6803
11288,2804,6804
11289,2805,6805
11290,2806,6806
11291,2807,6807
11292,2808,6808
11293,2809,6809
11294,2810,6810
11295,2811,6811
11296,2812,6812
11297,2813,6813
11298,2814,6814
11299,2815,6815
11300,2816,6816
11301,2817,6817
11302,2818,6818
11303,2819,6819
11304,2820,6820
11305,2821,6821
11306,2822,6822
11307,2823,6823
11308,2824,6824
11309,2825,6825
11310,2826,6826
11311,2827,6827
11312,2828,6828
11313,2829,6829
11314,2830,6830
11315,2831,6831
11316,2832,6832
11317,2833,6833
11318,2834,6834
11319,2835,6835
11320,2836,6836
11321,2837,6837
11322,2838,6838
11323,2839,6839
11324,2840,6840
11325,2841,6841
11326,2842,6842
11327,2843,6843
11328,2844,6844
11329,2845,6845
11330,2846,6846
11331,2847,6847
11332,2848,6848
11333,2849,6849
11334,2850,6850
11335,2851,6851
11336,2852,6852
11337,2853,6853
11338,2854,6854
11339,2855,6855
11340,2856,6856
11341,2857,6857
11342,2858,6858
11343,2859,6859
11344,2860,6860
11345,2861,6861
11346,2862,6862
11347,2863,6863
11348,2864,6864
11349,2865,6865
11350,2866,6866
11351,2867,6867
11352,2868,6868
11353,2869,6869
11354,2870,6870
11355,2871,6871
11356,2872,6872
11357,2873,6873
11358,2874,6874
11359,2875,6875
11360,2876,6876
11361,2877,6877
11362,2878,6878
11363,2879,6879
11364,2880,6880
11365,2881,6881
11366,2882,6882
11367,2883,6883
11368,2884,6884
11369,2885,6885
11370,2886,6886
11371,2887,6887
11372,2888,6888
11373,2889,6889
11374,2890,6890
11375,2891,6891
11376,2892,6892
11377,2893,6893
11378,2894,6894
11379,2895,6895
11380,2896,6896
11381,2897,6897
11382,2898,6898
11383,2899,6899
11384,2900,6900
11385,2901,6901
11386,2902,6902
11387,2903,6903
11388,2904,6904
11389,2905,6905
11390,2906,6906
11391,2907,6907
11392,2908,6908
11393,2909,6909
11394,2910,6910
11395,2911,6911
11396,2912,6912
11397,2913,6913
11398,2914,6914
11399,2915,6915
11400,2916,6916
11401,2917,6917
11402,2918,6918
11403,2919,6919
11404,2920,6920
11405,2921,6921
11406,2922,6922
11407,2923,6923
11408,2924,6924
11409,2925,6925
11410,2926,6926
11411,2927,6927
11412,2928,6928
11413,2929,6929
11414,2930,6930
11415,2931,6931
11416,2932,6932
11417,2933,6933
11418,2934,6934
11419,2935,6935
11420,2936,6936
11421,2937,6937
11422,2938,6938
11423,2939,6939
11424,2940,6940
11425,2941,6941
11426,2942,6942
11427,2943,6943
11428,2944,6944
11429,2945,6945
11430,2946,6946
11431,2947,6947
11432,2948,6948
11433,2949,6949
11434,2950,6950
11435,2951,6951
11436,2952,6952
11437,2953,6953
11438,2954,6954
11439,2955,6955
11440,2956,6956
11441,2957,6957
11442,2958,6958
11443,2959,6959
11444,2960,6960
11445,2961,6961
11446,2962,6962
11447,2963,6963
11448,2964,6964
11449,2965,6965
11450,2966,6966
11451,2967,6967
11452,2968,6968
11453,2969,6969
11454,2970,6970
11455,2971,6971
11456,2972,6972
11457,2973,6973
11458,2974,6974
11459,2975,6975
11460,2976,6976
11461,2977,6977
11462,2978,6978
11463,2979,6979
11464,2980,6980
11465,2981,6981
11466,2982,6982
11467,2983,6983
11468,2984,6984
11469,2985,6985
11470,2986,6986
11471,2987,6987
11472,2988,6988
11473,2989,6989
11474,2990,6990
11475,2991,6991
11476,2992,6992
11477,2993,6993
11478,2994,6994
11479,2995,6995
11480,2996,6996
11481,2997,6997
11482,2998,6998
11483,2999,6999
11484,3000,7000
11485,3001,7001
11486,3002,7002
11487,3003,7003
11488,3004,7004
11489,3005,7005
11490,3006,7006
11491,3007,7007
11492,3008,7008
11493,3009,7009
11494,3010,7010
11495,3011,7011
11496,3012,7012
11497,3013,7013
11498,3014,7014
11499,3015,7015
11500,3016,7016
11501,3017,7017
11502,3018,7018
11503,3019,7019
11504,3020,7020
11505,3021,7021
11506,3022,7022
11507,3023,7023
11508,3024,7024
11509,3025,7025
11510,3026,7026
11511,3027,7027
11512,3028,7028
11513,3029,7029
11514,3030,7030
11515,3031,7031
11516,3032,7032
11517,3033,7033
11518,3034,7034
11519,3035,7035
11520,3036,7036
11521,3037,7037
11522,3038,7038
11523,3039,7039
11524,3040,7040
11525,3041,7041
11526,3042,7042
11527,3043,7043
11528,3044,7044
11529,3045,7045
11530,3046,7046
11531,3047,7047
11532,3048,7048
11533,3049,7049
11534,3050,7050
11535,3051,7051
11536,3052,7052
11537,3053,7053
11538,3054,7054
11539,3055,7055
11540,3056,7056
11541,3057,7057
11542,3058,7058
11543,3059,7059
11544,3060,7060
11545,3061,7061
11546,3062,7062
11547,3063,7063
11548,3064,7064
11549,3065,7065
11550,3066,7066
11551,3067,7067
11552,3068,7068
11553,3069,7069
11554,3070,7070
11555,3071,7071
11556,3072,7072
11557,3073,7073
11558,3074,7074
11559,3075,7075
11560,3076,7076
11561,3077,7077
11562,3078,7078
11563,3079,7079
11564,3080,7080
11565,3081,7081
11566,3082,7082
11567,3083,7083
11568,3084,7084
11569,3085,7085
11570,3086,7086
11571,3087,7087
11572,3088,7088
11573,3089,7089
11574,3090,7090
11575,3091,7091
11576,3092,7092
11577,3093,7093
11578,3094,7094
11579,3095,7095
11580,3096,7096
11581,3097,7097
11582,3098,7098
11583,3099,7099
11584,3100,7100
11585,3101,7101
11586,3102,7102
11587,3103,7103
11588,3104,7104
11589,3105,7105
11590,3106,7106
11591,3107,7107
11592,3108,7108
11593,3109,7109
11594,3110,7110
11595,3111,7111
11596,3112,7112
11597,3113,7113
11598,3114,7114
11599,3115,7115
11600,3116,7116
11601,3117,7117
11602,3118,7118
11603,3119,7119
11604,3120,7120
11605,3121,7121
11606,3122,7122
11607,3123,7123
11608,3124,7124
11609,3125,7125
11610,3126,7126
11611,3127,7127
11612,3128,7128
11613,3129,7129
11614,3130,7130
11615,3131,7131
11616,3132,7132
11617,3133,7133
11618,3134,7134
11619,3135,7135
11620,3136,7136
11621,3137,7137
11622,3138,7138
11623,3139,7139
11624,3140,7140
11625,3141,7141
11626,3142,7142
11627,3143,7143
11628,3144,7144
11629,3145,7145
11630,3146,7146
11631,3147,7147
11632,3148,7148
11633,3149,7149
11634,3150,7150
11635,3151,7151
11636,3152,7152
11637,3153,7153
11638,3154,7154
11639,3155,7155
11640,3156,7156
11641,3157,7157
11642,3158,7158
11643,3159,7159
11644,3160,7160
11645,3161,7161
11646,3162,7162
11647,3163,7163
11648,3164,7164
11649,3165,7165
11650,3166,7166
11651,3167,7167
11652,3168,7168
11653,3169,7169
11654,3170,7170
11655,3171,7171
11656,3172,7172
11657,3173,7173
11658,3174,7174
11659,3175,7175
11660,3176,7176
11661,3177,7177
11662,3178,7178
11663,3179,7179
11664,3180,7180
11665,3181,7181
11666,3182,7182
11667,3183,7183
11668,3184,7184
11669,3185,7185
11670,3186,7186
11671,3187,7187
11672,3188,7188
11673,3189,7189
11674,3190,7190
11675,3191,7191
11676,3192,7192
11677,3193,7193
11678,3194,7194
11679,3195,7195
11680,3196,7196
11681,3197,7197
11682,3198,7198
11683,3199,7199
11684,3200,7200
11685,3201,7201
11686,3202,7202
11687,3203,7203
11688,3204,7204
11689,3205,7205
11690,3206,7206
11691,3207,7207
11692,3208,7208
11693,3209,7209
11694,3210,7210
11695,3211,7211
11696,3212,7212
11697,3213,7213
11698,3214,7214
11699,3215,7215
11700,3216,7216
11701,3217,7217
11702,3218,7218
11703,3219,7219
11704,3220,7220
11705,3221,7221
11706,3222,7222
11707,3223,7223
11708,3224,7224
11709,3225,7225
11710,3226,7226
11711,3227,7227
11712,3228,7228
11713,3229,7229
11714,3230,7230
11715,3231,7231
11716,3232,7232
11717,3233,7233
11718,3234,7234
11719,3235,7235
11720,3236,7236
11721,3237,7237
11722,3238,7238
11723,3239,7239
11724,3240,7240
11725,3241,7241
11726,3242,7242
11727,3243,7243
11728,3244,7244
11729,3245,7245
11730,3246,7246
11731,3247,7247
11732,3248,7248
11733,3249,7249
11734,3250,7250
11735,3251,7251
11736,3252,7252
11737,3253,7253
11738,3254,7254
11739,3255,7255
11740,3256,7256
11741,3257,7257
11742,3258,7258
11743,3259,7259
11744,3260,7260
11745,3261,7261
11746,3262,7262
11747,3263,7263
11748,3264,7264
11749,3265,7265
11750,3266,7266
11751,3267,7267
11752,3268,7268
11753,3269,7269
11754,3270,7270
11755,3271,7271
11756,3272,7272
11757,3273,7273
11758,193,4193
11759,194,4194
11760,195,4195
11761,196,4196
11762,197,4197
11763,198,4198
11764,199,4199
11765,200,4200
11766,201,4201
11767,202,4202
11768,203,4203
11769,204,4204
11770,205,4205
11771,206,4206
11772,207,4207
11773,208,4208
11774,209,4209
11775,210,4210
11776,211,4211
11777,212,4212
11778,213,4213
11779,214,4214
11780,215,4215
11781,216,4216
11782,217,4217
11783,218,4218
11784,219,4219
11785,220,4220
11786,221,4221
11787,222,4222
11788,223,4223
11789,224,4224
11790,225,4225
11791,226,4226
11792,227,4227
11793,228,4228
11794,229,4229
11795,230,4230
11796,231,4231
11797,232,4232
11798,233,4233
11799,234,4234
11800,235,4235
11801,236,4236
11802,237,4237
11803,238,4238
11804,239,4239
11805,240,4240
11806,241,4241
11807,242,4242
11808,243,4243
11809,244,4244
11810,245,4245
11811,246,4246
11812,247,4247
11813,248,4248
11814,249,4249
11815,250,4250
11816,251,4251
11817,252,4252
11818,253,4253
11819,254,4254
11820,255,4255
11821,256,4256
11822,257,4257
11823,258,4258
11824,259,4259
11825,260,4260
11826,261,4261
11827,262,4262
11828,263,4263
11829,264,4264
11830,265,4265
11831,266,4266
11832,267,4267
11833,268,4268
11834,269,4269
11835,270,4270
11836,271,4271
11837,272,4272
11838,273,4273
11839,274,4274
11840,275,4275
11841,276,4276
11842,277,4277
11843,278,4278
11844,279,4279
11845,280,4280
11846,281,4281
11847,282,4282
11848,283,4283
11849,284,4284
11850,285,4285
11851,286,4286
11852,287,4287
11853,288,4288
11854,289,4289
11855,290,4290
11856,291,4291
11857,292,4292
11858,293,4293
11859,294,4294
11860,295,4295
11861,296,4296
11862,297,4297
11863,298,4298
11864,299,4299
11865,300,4300
11866,301,4301
11867,302,4302
11868,303,4303
11869,304,4304
11870,305,4305
11871,306,4306
11872,307,4307
11873,308,4308
11874,309,4309
11875,310,4310
11876,311,4311
11877,312,4312
11878,313,4313
11879,314,4314
11880,315,4315
11881,316,4316
11882,317,4317
11883,318,4318
11884,319,4319
11885,320,4320
11886,321,4321
11887,322,4322
11888,323,4323
11889,324,4324
11890,325,4325
11891,326,4326
11892,327,4327
11893,328,4328
11894,329,4329
11895,330,4330
11896,331,4331
11897,332,4332
11898,333,4333
11899,334,4334
11900,335,4335
11901,336,4336
11902,337,4337
11903,338,4338
11904,339,4339
11905,340,4340
11906,341,4341
11907,342,4342
11908,343,4343
11909,344,4344
11910,345,4345
11911,346,4346
11912,347,4347
11913,348,4348
11914,349,4349
11915,350,4350
11916,351,4351
11917,352,4352
11918,353,4353
11919,354,4354
11920,355,4355
11921,356,4356
11922,357,4357
11923,358,4358
11924,359,4359
11925,360,4360
11926,361,4361
11927,362,4362
11928,363,4363
11929,364,4364
11930,365,4365
11931,366,4366
11932,367,4367
11933,368,4368
11934,369,4369
11935,370,4370
11936,371,4371
11937,372,4372
11938,373,4373
11939,374,4374
11940,375,4375
11941,376,4376
11942,377,4377
11943,378,4378
11944,379,4379
11945,380,4380
11946,381,4381
11947,382,4382
11948,383,4383
11949,384,4384
11950,385,4385
11951,386,4386
11952,387,4387
11953,388,4388
11954,389,4389
11955,390,4390
11956,391,4391
11957,392,4392
11958,393,4393
11959,394,4394
11960,395,4395
11961,396,4396
11962,397,4397
11963,398,4398
11964,399,4399
11965,400,4400
11966,401,4401
11967,402,4402
11968,403,4403
11969,404,4404
11970,405,4405
11971,406,4406
11972,407,4407
11973,408,4408
11974,409,4409
11975,410,4410
11976,411,4411
11977,412,4412
11978,413,4413
11979,414,4414
11980,415,4415
11981,416,4416
11982,417,4417
11983,418,4418
11984,419,4419
11985,420,4420
11986,421,4421
11987,422,4422
11988,423,4423
11989,424,4424
11990,425,4425
11991,426,4426
11992,427,4427
11993,428,4428
11994,429,4429
11995,430,4430
11996,431,4431
11997,432,4432
11998,433,4433
11999,434,4434
12000,435,4435
12001,436,4436
12002,437,4437
12003,438,4438
12004,439,4439
12005,440,4440
12006,441,4441
12007,442,4442
12008,443,4443
12009,444,4444
12010,445,4445
12011,446,4446
12012,447,4447
12013,448,4448
12014,449,4449
12015,450,4450
12016,451,4451
12017,452,4452
12018,453,4453
12019,454,4454
12020,455,4455
12021,456,4456
12022,457,4457
12023,458,4458
12024,459,4459
12025,460,4460
12026,461,4461
12027,462,4462
12028,463,4463
12029,464,4464
12030,465,4465
12031,466,4466
12032,467,4467
12033,468,4468
12034,469,4469
12035,470,4470
12036,471,4471
12037,472,4472
12038,473,4473
12039,474,4474
12040,475,4475
12041,476,4476
12042,477,4477
12043,478,4478
12044,479,4479
12045,480,4480
12046,481,4481
12047,482,4482
12048,483,4483
12049,484,4484
12050,485,4485
12051,486,4486
12052,487,4487
12053,488,4488
12054,489,4489
12055,490,4490
12056,491,4491
12057,492,4492
12058,493,4493
12059,494,4494
12060,495,4495
12061,496,4496
12062,497,4497
12063,498,4498
12064,499,4499
12065,500,4500
12066,501,4501
12067,502,4502
12068,503,4503
12069,504,4504
12070,505,4505
12071,506,4506
12072,507,4507
12073,508,4508
12074,509,4509
12075,510,4510
12076,511,4511
12077,512,4512
12078,513,4513
12079,514,4514
12080,515,4515
12081,516,4516
12082,517,4517
12083,518,4518
12084,519,4519
12085,520,4520
12086,521,4521
12087,522,4522
12088,523,4523
12089,524,4524
12090,525,4525
12091,526,4526
12092,527,4527
12093,528,4528
12094,529,4529
12095,530,4530
12096,531,4531
12097,532,4532
12098,533,4533
12099,534,4534
12100,535,4535
12101,536,4536
12102,537,4537
12103,538,4538
12104,539,4539
12105,540,4540
12106,541,4541
12107,542,4542
12108,543,4543
12109,544,4544
12110,545,4545
12111,546,4546
12112,547,4547
12113,548,4548
12114,549,4549
12115,550,4550
12116,551,4551
12117,552,4552
12118,553,4553
12119,554,4554
12120,555,4555
12121,556,4556
12122,557,4557
12123,558,4558
12124,559,4559
12125,560,4560
12126,561,4561
12127,562,4562
12128,563,4563
12129,564,4564
12130,565,4565
12131,566,4566
12132,567,4567
12133,568,4568
12134,569,4569
12135,570,4570
12136,571,4571
12137,572,4572
12138,573,4573
12139,574,4574
12140,575,4575
12141,576,4576
12142,577,4577
12143,578,4578
12144,579,4579
12145,580,4580
12146,581,4581
12147,582,4582
12148,583,4583
12149,584,4584
12150,585,4585
12151,586,4586
12152,587,4587
12153,588,4588
12154,589,4589
12155,590,4590
12156,591,4591
12157,592,4592
12158,593,4593
12159,594,4594
12160,595,4595
12161,596,4596
12162,597,4597
12163,598,4598
12164,599,4599
12165,600,4600
12166,601,4601
12167,602,4602
12168,603,4603
12169,604,4604
12170,605,4605
12171,606,4606
12172,607,4607
12173,608,4608
12174,609,4609
12175,610,4610
12176,611,4611
12177,612,4612
12178,613,4613
12179,614,4614
12180,615,4615
12181,616,4616
12182,617,4617
12183,618,4618
12184,619,4619
12185,620,4620
12186,621,4621
12187,622,4622
12188,623,4623
12189,624,4624
12190,625,4625
12191,626,4626
12192,627,4627
12193,628,4628
12194,629,4629
12195,630,4630
12196,631,4631
12197,632,4632
12198,633,4633
12199,634,4634
12200,635,4635
12201,636,4636
12202,637,4637
12203,638,4638
12204,639,4639
12205,640,4640
12206,641,4641
12207,642,4642
12208,643,4643
12209,644,4644
12210,645,4645
12211,646,4646
12212,647,4647
12213,648,4648
12214,649,4649
12215,650,4650
12216,651,4651
12217,652,4652
12218,653,4653
12219,654,4654
12220,655,4655
12221,656,4656
12222,657,4657
12223,658,4658
12224,659,4659
12225,660,4660
12226,661,4661
12227,662,4662
12228,663,4663
12229,664,4664
12230,665,4665
12231,666,4666
12232,667,4667
12233,668,4668
12234,669,4669
12235,670,4670
12236,671,4671
12237,672,4672
12238,673,4673
12239,674,4674
12240,675,4675
12241,676,4676
12242,677,4677
12243,678,4678
12244,679,4679
12245,680,4680
12246,681,4681
12247,682,4682
12248,683,4683
12249,684,4684
12250,685,4685
12251,686,4686
12252,687,4687
12253,688,4688
12254,689,4689
12255,690,4690
12256,691,4691
12257,692,4692
12258,693,4693
12259,694,4694
12260,695,4695
12261,696,4696
12262,697,4697
12263,698,4698
12264,699,4699
12265,700,4700
12266,701,4701
12267,702,4702
12268,703,4703
12269,704,4704
12270,705,4705
12271,706,4706
12272,707,4707
12273,708,4708
12274,709,4709
12275,710,4710
12276,711,4711
12277,712,4712
12278,713,4713
12279,714,4714
12280,715,4715
12281,716,4716
12282,717,4717
12283,718,4718
12284,719,4719
12285,720,4720
12286,721,4721
12287,722,4722
12288,723,4723
12289,724,4724
12290,725,4725
12291,726,4726
12292,727,4727
12293,728,4728
12294,729,4729
12295,730,4730
12296,731,4731
12297,732,4732
12298,733,4733
12299,734,4734
12300,735,4735
12301,736,4736
12302,737,4737
12303,738,4738
12304,739,4739
12305,740,4740
12306,741,4741
12307,742,4742
12308,743,4743
12309,744,4744
12310,745,4745
12311,746,4746
12312,747,4747
12313,748,4748
12314,749,4749
12315,750,4750
12316,751,4751
12317,752,4752
12318,753,4753
12319,754,4754
12320,755,4755
12321,756,4756
12322,757,4757
12323,758,4758
12324,759,4759
12325,760,4760
12326,761,4761
12327,762,4762
12328,763,4763
12329,764,4764
12330,765,4765
12331,766,4766
12332,767,4767
12333,768,4768
12334,769,4769
12335,770,4770
12336,771,4771
12337,772,4772
12338,773,4773
12339,774,4774
12340,775,4775
12341,776,4776
12342,777,4777
12343,778,4778
12344,779,4779
12345,780,4780
12346,781,4781
12347,782,4782
12348,783,4783
12349,784,4784
12350,785,4785
12351,786,4786
12352,787,4787
12353,788,4788
12354,789,4789
12355,790,4790
12356,791,4791
12357,792,4792
12358,793,4793
12359,794,4794
12360,795,4795
12361,796,4796
12362,797,4797
12363,798,4798
12364,799,4799
12365,800,4800
12366,801,4801
12367,802,4802
12368,803,4803
12369,804,4804
12370,805,4805
12371,806,4806
12372,807,4807
12373,808,4808
12374,809,4809
12375,810,4810
12376,811,4811
12377,812,4812
12378,813,4813
12379,814,4814
12380,815,4815
12381,816,4816
12382,817,4817
12383,818,4818
12384,819,4819
12385,820,4820
12386,821,4821
12387,822,4822
12388,823,4823
12389,824,4824
12390,825,4825
12391,826,4826
12392,827,4827
12393,828,4828
12394,829,4829
12395,830,4830
12396,831,4831
12397,832,4832
12398,833,4833
12399,834,4834
12400,835,4835
12401,836,4836
12402,837,4837
12403,838,4838
12404,839,4839
12405,840,4840
12406,841,4841
12407,842,4842
12408,843,4843
12409,844,4844
12410,845,4845
12411,846,4846
12412,847,4847
12413,848,4848
12414,849,4849
12415,850,4850
12416,851,4851
12417,852,4852
12418,853,4853
12419,854,4854
12420,855,4855
12421,856,4856
12422,857,4857
12423,858,4858
12424,859,4859
12425,860,4860
12426,861,4861
12427,862,4862
12428,863,4863
12429,864,4864
12430,865,4865
12431,866,4866
12432,867,4867
12433,868,4868
12434,869,4869
12435,870,4870
12436,871,4871
12437,872,4872
12438,873,4873
12439,874,4874
12440,875,4875
12441,876,4876
12442,877,4877
12443,878,4878
12444,879,4879
12445,880,4880
12446,881,4881
12447,882,4882
12448,883,4883
12449,884,4884
12450,885,4885
12451,886,4886
12452,887,4887
12453,888,4888
12454,889,4889
12455,890,4890
12456,891,4891
12457,892,4892
12458,893,4893
12459,894,4894
12460,895,4895
12461,896,4896
12462,897,4897
12463,898,4898
12464,899,4899
12465,900,4900
12466,901,4901
12467,902,4902
12468,903,4903
12469,904,4904
12470,905,4905
12471,906,4906
12472,907,4907
12473,908,4908
12474,909,4909
12475,910,4910
12476,911,4911
12477,912,4912
12478,913,4913
12479,914,4914
12480,915,4915
12481,916,4916
12482,917,4917
12483,918,4918
12484,919,4919
12485,920,4920
12486,921,4921
12487,922,4922
12488,923,4923
12489,924,4924
12490,925,4925
12491,926,4926
12492,927,4927
12493,928,4928
12494,929,4929
12495,930,4930
12496,931,4931
12497,932,4932
12498,933,4933
12499,934,4934
12500,935,4935
12501,936,4936
12502,937,4937
12503,938,4938
12504,939,4939
12505,940,4940
12506,941,4941
12507,942,4942
12508,943,4943
12509,944,4944
12510,945,4945
12511,946,4946
12512,947,4947
12513,948,4948
12514,949,4949
12515,950,4950
12516,951,4951
12517,952,4952
12518,953,4953
12519,954,4954
12520,955,4955
12521,956,4956
12522,957,4957
12523,958,4958
12524,959,4959
12525,960,4960
12526,961,4961
12527,962,4962
12528,963,4963
12529,964,4964
12530,965,4965
12531,966,4966
12532,967,4967
12533,968,4968
12534,969,4969
12535,970,4970
12536,971,4971
12537,972,4972
12538,973,4973
12539,974,4974
12540,975,4975
12541,976,4976
12542,977,4977
12543,978,4978
12544,979,4979
12545,980,4980
12546,981,4981
12547,982,4982
12548,983,4983
12549,984,4984
12550,985,4985
12551,986,4986
12552,987,4987
12553,988,4988
12554,989,4989
12555,990,4990
12556,991,4991
12557,992,4992
12558,993,4993
12559,994,4994
12560,995,4995
12561,996,4996
12562,997,4997
12563,998,4998
12564,999,4999
12565,1000,5000
12566,1001,5001
12567,1002,5002
12568,1003,5003
12569,1004,5004
12570,1005,5005
12571,1006,5006
12572,1007,5007
12573,1008,5008
12574,1009,5009
12575,1010,5010
12576,1011,5011
12577,1012,5012
12578,1013,5013
12579,1014,5014
12580,1015,5015
12581,1016,5016
12582,1017,5017
12583,1018,5018
12584,1019,5019
12585,1020,5020
12586,1021,5021
12587,1022,5022
12588,1023,5023
12589,1024,5024
12590,1025,5025
12591,1026,5026
12592,1027,5027
12593,1028,5028
12594,1029,5029
12595,1030,5030
12596,1031,5031
12597,1032,5032
12598,1033,5033
12599,1034,5034
12600,1035,5035
12601,1036,5036
12602,1037,5037
12603,1038,5038
12604,1039,5039
12605,1040,5040
12606,1041,5041
12607,1042,5042
12608,1043,5043
12609,1044,5044
12610,1045,5045
12611,1046,5046
12612,1047,5047
12613,1048,5048
12614,1049,5049
12615,1050,5050
12616,1051,5051
12617,1052,5052
12618,1053,5053
12619,1054,5054
12620,1055,5055
12621,1056,5056
12622,1057,5057
12623,1058,5058
12624,1059,5059
12625,1060,5060
12626,1061,5061
12627,1062,5062
12628,1063,5063
12629,1064,5064
12630,1065,5065
12631,1066,5066
12632,1067,5067
12633,1068,5068
12634,1069,5069
12635,1070,5070
12636,1071,5071
12637,1072,5072
12638,1073,5073
12639,1074,5074
12640,1075,5075
12641,1076,5076
12642,1077,5077
12643,1078,5078
12644,1079,5079
12645,1080,5080
12646,1081,5081
12647,1082,5082
12648,1083,5083
12649,1084,5084
12650,1085,5085
12651,1086,5086
12652,1087,5087
12653,1088,5088
12654,1089,5089
12655,1090,5090
12656,1091,5091
12657,1092,5092
12658,1093,5093
12659,1094,5094
12660,1095,5095
12661,1096,5096
12662,1097,5097
12663,1098,5098
12664,1099,5099
12665,1100,5100
12666,1101,5101
12667,1102,5102
12668,1103,5103
12669,1104,5104
12670,1105,5105
12671,1106,5106
12672,1107,5107
12673,1108,5108
12674,1109,5109
12675,1110,5110
12676,1111,5111
12677,1112,5112
12678,1113,5113
12679,1114,5114
12680,1115,5115
12681,1116,5116
12682,1117,5117
12683,1118,5118
12684,1119,5119
12685,1120,5120
12686,1121,5121
12687,1122,5122
12688,1123,5123
12689,1124,5124
12690,1125,5125
12691,1126,5126
12692,1127,5127
12693,1128,5128
12694,1129,5129
12695,1130,5130
12696,1131,5131
12697,1132,5132
12698,1133,5133
12699,1134,5134
12700,1135,5135
12701,1136,5136
12702,1137,5137
12703,1138,5138
12704,1139,5139
12705,1140,5140
12706,1141,5141
12707,1142,5142
12708,1143,5143
12709,1144,5144
12710,1145,5145
12711,1146,5146
12712,1147,5147
12713,1148,5148
12714,1149,5149
12715,1150,5150
12716,1151,5151
12717,1152,5152
12718,1153,5153
12719,1154,5154
12720,1155,5155
12721,1156,5156
12722,1157,5157
12723,1158,5158
12724,1159,5159
12725,1160,5160
12726,1161,5161
12727,1162,5162
12728,1163,5163
12729,1164,5164
12730,1165,5165
12731,1166,5166
12732,1167,5167
12733,1168,5168
12734,1169,5169
12735,1170,5170
12736,1171,5171
12737,1172,5172
12738,1173,5173
12739,1174,5174
12740,1175,5175
12741,1176,5176
12742,1177,5177
12743,1178,5178
12744,1179,5179
12745,1180,5180
12746,1181,5181
12747,1182,5182
12748,1183,5183
12749,1184,5184
12750,1185,5185
12751,1186,5186
12752,1187,5187
12753,1188,5188
12754,1189,5189
12755,1190,5190
12756,1191,5191
12757,1192,5192
12758,1193,5193
